﻿<?xml version="1.0" encoding="utf-8"?><Policies><Policy><PolicyNumber>A100001</PolicyNumber><MaturityValue>14980</MaturityValue></Policy><Policy><PolicyNumber>A100002</PolicyNumber><MaturityValue>16671.875</MaturityValue></Policy><Policy><PolicyNumber>A100003</PolicyNumber><MaturityValue>23277.35</MaturityValue></Policy><Policy><PolicyNumber>B100001</PolicyNumber><MaturityValue>18894</MaturityValue></Policy><Policy><PolicyNumber>B100002</PolicyNumber><MaturityValue>28743</MaturityValue></Policy><Policy><PolicyNumber>B100003</PolicyNumber><MaturityValue>33350</MaturityValue></Policy><Policy><PolicyNumber>C100001</PolicyNumber><MaturityValue>17167.8</MaturityValue></Policy><Policy><PolicyNumber>C100002</PolicyNumber><MaturityValue>22968</MaturityValue></Policy><Policy><PolicyNumber>C100003</PolicyNumber><MaturityValue>27462.6</MaturityValue></Policy></Policies>